[
    {
      "id": 1,
      "coursename": "Java",
      "author": "Kiran",
      "duration": "120 Days",
      "description": "It is for beginers.."
    },
    {
      "id": 2,
      "coursename": "Python",
      "author": "Pavan",
      "duration": "120 Days",
      "description": "It is for beginers.."
    },
    {
      "id": 3,
      "coursename": "React JS",
      "author": "Fazil",
      "duration": "120 Days",
      "description": "Intermediate level.."
    },
    {
      "id": 4,
      "coursename": "Grovery",
      "author": "Charan",
      "duration": "120 Days",
      "description": "It is for beginers.."
    },
    {
      "id": 5,
      "coursename": "Selenium",
      "author": "Hareesh",
      "duration": "120 Days",
      "description": "Interndiate level.."
    }
  ]